0.2011897234716784,-0.009775326263624318
0.6004958529130704,0.012804769601365118
0.7962264078302752,0.005127083082274275
0.9014505562028106,0.0035105714614483974
0.5654041761486894,0.022950399472993377
0.04078265401257397,-0.007462002806315371
0.12646539120992628,-0.03171772239199766
1.4966751026358764,0.013381084921037956
-0.3542044137972695,-0.006055260536449114
0.244592840242305,-0.008023926022214356
-0.4591958853516189,0.008565534590724178
0.22365402038327886,-0.007935659946541551
-0.3034100576469072,-0.009694259632227142
0.5056340118849505,0.007984502823492945
0.6117658784620019,0.019827883483986453
-0.5217047614868662,-0.03546349659275838
0.2825142609468827,0.00038519426594885164
-0.32442612523055914,-0.023128060069821488
-0.22088683278460053,-0.0038547804353185056
-0.46758231440889375,0.00972872819805981
0.46119778402484,-0.003571095077321673
0.25093389103092534,0.0011574776541298792
-0.08975620426760855,0.01133771453473209
0.27220961168048063,-0.00229529481024604
1.2785512577162166,0.001485731663682932
-0.09844698545204267,-0.006913544619443712
-0.162250935112624,-0.002896512498911985
0.2872839586561611,0.010915905263916392
0.20302464091123795,-0.003994091373468289
0.8870905154028108,0.01700513706554152
0.40178410570126744,-0.01869178559010265
0.48693794306049654,0.006353314841475388
0.6881668073084981,-0.011280438774688761
0.5752411597862519,0.008151958378236013
-0.11239215536057401,-0.02781114431200926
0.07879310103222537,-0.006513971666823215
0.11506956424197057,0.028496975250352552
-0.7864441085221969,-0.015653744821224613
-0.0033323037040347003,-0.003960496002111347
0.8209882179871215,-0.002269690486597198
0.3755689462763101,-0.01442656460513625
0.41301508206679216,0.024387735718254477
-0.8651780746223849,-0.031129332803825793
-0.04300465394947395,0.008053027299436133
-0.0077969707802481025,0.01551632813153081
1.2826301952250674,0.022785671540251684
0.3142876415576623,0.02587518937555977
1.004933756742922,0.006631350677107295
0.13078690836622542,-0.010854224621521302
-0.3906279672952593,-0.018940350142389706
0.47289573284294306,-0.008359908660366067
-0.11140355674521629,-0.01292500457557888
0.41675319440071945,-0.003866934637933639
0.43205921039247386,-0.009589945133271605
-0.12661220462678102,-0.004237282968142075
-0.068410889444948,-0.02580059414033342
0.09436221171689141,-0.004999703339167771
-0.013209506250312586,-0.018094252109452258
-0.540709205941674,-0.04345436040209405
0.15904986011714328,0.0015510985346092188
0.42398096697563403,-0.02640988455326687
0.08282132082787541,-0.004239977834316289
0.34851201068070026,-0.01206356398365871
-0.4210699439309309,0.006798954783395206
-0.18307037727030462,0.00242135515168429
-0.5001434179899817,-0.010804136697537436
0.4998037686542105,-0.0009460297066317125
-0.08306199145955162,-0.012703848109288707
0.3199413874925483,-0.016236846056965626
0.8268567595234657,0.007042531788884587
0.3418436765291233,-0.005989438899007937
-0.09724787731015283,-0.00331884804750604
0.5176028526831615,0.0014467893222641637
0.45691548731975473,-0.009754004536239202
-0.13154563543587727,0.013085780477550157
-0.004038136659971769,-0.015026535988495904
0.8818951662487962,-0.004691504885072861
0.4961251369569837,0.00443110641150346
0.24164175903223395,-0.008917750212701914
0.6510700519805468,0.027459972852232784
0.24654788643760384,0.00036865800144836314
0.38729014513204874,-0.0008025032997581727
0.27395541000512935,0.0358983395301975
-0.3387475960459909,-0.023378219188767257
0.07961632841508504,0.015533107445358185
-0.5790095201851102,-0.010142929542274581
1.475587878352684,0.022239179590978653
0.20868415325561074,-0.0003214668913370522
-0.11666637614810327,-0.0040788499570361125
-0.20522286074576357,-0.006117591123266042
0.6199296563467769,0.008517006249214032
-0.09277356106164092,-0.0067838721751115605
0.5825194465556649,-0.0013544051284026803
0.42643941401690455,0.011126638833186986
0.196005625071642,-0.0015879883964700081
0.20722114719051632,0.002727575401123561
-0.25669215405839907,-0.011941902280933503
0.36532256371653915,0.004413958527900719
0.06839107008661216,-0.012778518534791394
-0.6204411483753987,0.00958385855222732
-0.15153408111412858,0.0164251962247417
0.8174828049205587,0.017864602319093148
-0.3489848803583868,-0.01061529356353097
0.18169968740016884,-0.005432987290602376
-0.37507204384689885,-0.03149196290408107
-0.18156673061388062,-0.021464155959557862
0.22143497603905615,-0.0015636234887107525
0.43101142811448767,-0.0024677434063156145
-0.012048149535246466,-0.008839021076308962
0.6050868476388658,0.016916217792670718
0.23803910048142995,0.011448055044033234
-0.23061297080420218,-0.014939132431698532
-0.09475553725614105,-0.010819472194311452
1.5513031280748564,0.003034902279421048
0.3343313426942842,-0.012687689020458914
0.6882807529113464,0.0004537079193813742
0.5704176792327686,0.004178753760523346
-0.7088637756309737,-0.0037447928914992046
-0.5076317942208277,-0.00921471424950504
0.4705167551253169,0.005412958259857881
0.012722221615462104,0.0013220867824570437
-0.6205680107889293,-0.009543751407846468
0.16373750042469482,-0.0019602469352956176
-0.010341097159091817,-0.0037180720353549024
-0.9807874657529254,-0.049351481434164124
-0.09271508318822441,-0.007491436507216398
0.5559155613906057,0.003938995194472272
0.014695682513647057,-0.007242514712326176
-0.6335601570468015,-0.007384161185916671
-0.31587387990051496,0.016427206299636454
-0.41162771421664246,-0.011326094758626448
0.020484105567035726,-0.03063928661587878
0.19380879932944595,0.014065222296139046
-0.02001948067974979,-0.019235240561468303
0.2440756029042177,-0.01510727144281343
-0.3797370707290568,0.007532813573953079
0.1421993993138031,0.016553260540754233
0.061989403217680206,-0.0018548535407674205
0.9076509333265506,0.014225518638478651
0.040686652786732225,-0.005506424025100265
-0.8455697820316885,-0.015282596081862332
0.35614942151342177,-0.0005757308885470103
-0.43811577254484746,-0.012499967998056083
0.48264824371089077,0.00149593036288298
0.10640448322367035,0.011129815545266153
-0.20543188300258208,-0.007828269823968226
0.0674138036296199,0.009946184200669839
-0.30245030023267816,-0.0008976377430690574
0.8012786833510361,8.229617564303737e-06
0.31731281772921704,-0.01953682905160181
0.5336131240163198,0.015826205482928568
0.6863095016189149,0.02215521280393362
-0.018369436543366646,-0.01283542728326359
-0.767095548125809,-0.007339611742879892
-0.4017043496176811,-0.042865871982628034
0.39192146077805035,0.01786490244970751
-0.573919127862041,-0.02182910846005859
1.1076506180392443,0.029261977773051284
0.058173245986260724,-0.011520795122966221
-0.4352629480329213,-0.016504717121405554
0.3329383028868733,-0.0037375319532627627
0.6180715026704817,-0.009737350398138056
0.03572814300075322,-0.004282094677136028
0.5406578575563401,-0.004379032809066596
-0.48759933347678697,-0.008819280379420036
0.8252841426184219,0.012028124267660645
0.7170994850476333,-0.007704736455339201
0.43941363113434306,0.0006090746893814281
-0.13488524391470946,-1.7298326320691615e-05
-0.0891198928363437,-0.005247475905179377
-0.31340436178459896,0.008546558740870847
-0.30249165398243605,0.016769035148393008
0.7155283228636335,0.005798277079318237
0.4245449033467068,0.0042916920671778325
-0.07514538793784453,-0.006052035268601097
-0.25020994750124004,0.00770059204433815
-0.4883102419598657,-0.035984816094492555
-0.2011523941871971,-0.00966897571765668
0.4846418841676865,0.004369697273273854
0.11431268013806317,-0.008645409050945019
-0.4519071271388668,-0.03948000274811814
0.42611155431323056,0.0016202238717197837
0.3399590347139849,-0.007399233061003652
0.2612088176136069,-0.003091441238970427
-0.12777885219967544,-0.007412465070681051
-0.11849687443353218,-0.003320040848522887
0.4995154525303107,-0.003865734290897427
0.6109977141318339,0.01834514279985222
0.41548172490166735,-0.010891504717983058
0.20379722021561975,-0.012501956292539584
0.448846245868765,-0.010089095583649232
0.23177644262626274,0.00029512152290689375
0.10894428794487965,-0.009991601431156183
-1.1246705140218367,-0.008476012090700924
1.0506197591592397,0.013525372792280721
0.23064274397878393,-0.005494594336377889
0.16354110838587843,0.0055563001549658875
0.4368055465001177,0.0005579602021579255
0.42390694436536336,0.011559615015759861
-0.043939650511603645,-0.012973783996266697
0.9811162540447924,0.015444159084444964
-0.11730072945325531,-0.03155499772446224
0.26503823643864166,-0.009129875729997794
0.17531003810152157,-0.015242656363490314
0.014220265324873083,0.0018596114435996958
0.24750740645963987,-0.018806430678499853
0.6600585345318137,0.009629361031918138
-0.09062283716220776,-0.021589762665180756
0.2197543021972308,0.005305856723837321
0.02696369795383191,0.002046293777820951
0.7977758129555212,0.003975248290526312
0.40883019013553934,-0.017817534210577746
0.07577759777677073,0.01044971134132111
-0.32906514888706084,-0.017162648688136994
0.6624970824792982,-0.00687384494525356
0.07884486180624606,-0.005137007418685169
0.6661155889004959,0.013194152806527915
0.15110900482274303,0.023618984971102597
-0.1591683973465976,0.012138348783320319
0.10063412019874818,0.00910546171436133
0.7642797227075846,0.01775583429570715
-0.5867162188876236,-0.013174047041537795
-0.006970912886004044,-0.004685863644764532
0.7681496303007123,0.018800989701317383
-0.056321827217054476,-0.013359271559513775
1.4559286249518308,0.024218985999397535
0.1646064563137628,0.016417103822376378
0.6229998843285927,-0.021746336846760528
-0.09950066188730489,-0.02332558661910733
-0.594458356727884,-0.025885166150860117
0.21298293319912176,-0.024178877433351675
-0.12289612823674645,0.001304567001940482
0.6207058175545939,0.014481463685189544
0.390974955324765,-0.0003094744439035013
0.6373118246258969,0.014312459447559656
-0.8421405874057228,-0.022595929969932094
1.0529515539274996,0.013604815172297391
0.38674068364037595,0.014234527416207232
-0.508545491730807,-0.023380291105256634
0.22887121943944067,-0.008166087129637734
-0.6535382563668293,0.007075413961759702
-0.2687495012417642,-0.025520145918190407
0.6530704617930354,0.024970187627846085
0.6721483638146921,0.014202311693613856
-0.3324318222047964,-0.018622986852433132
1.0573631740083371,0.039789741980373994
-0.334275077193638,-0.01062168762786797
-0.0007052890958263447,-0.02535248753294639
-0.029777514922727732,0.008195712770701746
0.003726612572542365,0.013518785861953986
1.6245836644627545,0.024599154826507097
0.9703933344795388,0.013347477042417344
0.39017250006869375,0.025168123811763254
0.35055229937593424,-0.020453172942288322
0.7846679649835693,0.006671474352840989
0.3397435419862589,-0.011791513684603627
0.04060179606412362,0.003206208039342684
1.0194392083662862,-0.011731647909596354
-0.09890775744177205,0.00011632351343449088
0.03133719733941831,-0.01858025026187149
0.8378194757155768,0.026149581053701798
0.3819980826981677,0.023278514411895546
0.663926569727316,0.016632507288256937
-0.16846897884364154,-0.02043757820709491
0.19379580065264435,0.026516525596987695
-0.4828620612462089,-0.0321857649211148
0.9216450569355459,0.04920813620069531
0.13560615323066116,-0.024013394095119933
0.6696692236517094,0.011967986676976072
-0.1490283711671978,-0.007505983214861844
-0.4801251848120529,-0.03243609486023846
0.7568614136902099,-0.0005092806172896092
1.2835617757741318,0.020899717618445002
0.1539099654557461,0.0011934721629217604
-0.24684633359664332,-0.01668251752897898
0.043066106670430315,-0.0027910805648645454
-0.2748042151342389,0.002168397440093006
0.04344310608781399,0.0059442588253342254
0.8517397652121659,0.009569921817434546
-0.10752603457164867,-0.007977274976855298
0.26682802638588043,0.003308956866572066
0.5794606384216721,0.009817638326725775
-0.0968341602132412,0.003346843353335016
0.5705693628987518,0.008400888382712801
0.7682284332171392,0.024464932484194124
0.18651343400256337,-0.0011243213628236992
0.025990477845510895,-0.03937906798165991
1.8219894676343245,0.034500610779009455
-0.23546957572917648,0.010704194571733328
0.12240173068725113,-0.018644019233694076
0.1965898284086265,-0.005675329805408635
-0.13845198946884096,-0.01894306334041418
-0.5449217760272234,0.00010481898640346543
-0.19099430501692183,0.018900604994931403
0.23636557880119824,-8.303649433594185e-05
-0.13648290891143944,-0.00874562568238757
0.3005660120210294,-0.004153170023807884
0.8157346658810241,0.014815140484682132
0.3614899867080581,0.03312268135224239
0.21950156387844544,0.009687309382819476
0.46595792935038105,0.01703715749176704
-0.2931921324276132,-0.02894952489780933
-0.2316214548454809,-0.012893398288570612
-0.4282291615823226,-0.002292429302852228
0.5334054840187292,-0.0030571308604318004
-0.2617647022330942,-0.011647682975646445
1.0401653940935986,0.03337693436604483
-0.412095078951765,-0.026922682503758844
-0.012121691565525339,-0.005233505669087313
0.5383410930113897,0.0016894649149620244
0.5133870973308277,0.021049448307354557
0.576456492868445,0.002088260159431754
-0.3007499287448283,-0.011263172569744184
0.44119016575920966,0.014930684414822704
0.6761645434037078,0.00966206964602867
0.15123670738374528,-0.012861321728720787
0.388247732720977,-0.010662560211026184
1.027307295536282,-0.00770547138219313
0.1264997852748877,-0.008275930652508201
0.37620133000021383,-0.0062198294932380715
0.1490763569588509,-0.018976556520113208
-0.41090495703626573,-0.011380352569894336
-0.6602727635480292,-0.02286143208626279
0.402765945360791,0.026572839349334076
0.34255353768166685,0.006890525461825114
1.3929832505175526,0.01909782075914057
-0.3912813338488519,0.022006818076707013
-0.016610988684440997,-0.027355175788006947
0.6203682772781676,0.0064100162976721275
-0.20010293300753546,-0.0034780931407683013
0.4660105802707548,0.015164301875667197
-0.10817910188646351,0.005137005347747969
0.41795181197201003,0.0021588967558889838
0.13067355711762474,-0.0013473703489714772
1.234932769477041,0.02681175527910462
1.2210468174587277,0.023974894237532074
0.3316710938503462,0.00994992528332539
-0.021129246072838725,0.009301357499096441
-0.005031079968972563,0.0032019607060598254
0.41314617471100945,-0.008000871355808181
-0.04874241119979672,-0.00773952115956178
0.2602550695089505,0.010329461575063537
-0.12432493557123081,-0.020108861386807675
0.1011957603122795,0.0045655152066457205
0.008757459213491359,-0.004153781827323733
0.5958931904971436,-0.049457489376635744
0.907257878872997,0.023811687558182748
0.5815003710350695,0.029211452510444103
-0.07436280521512373,-0.009745951414532383
0.03463184832560273,-0.02342628582493833
0.6342833696266084,0.018436312976301106
0.9357254001952171,-0.006503276325467655
0.03190449193340328,-0.010466283848430624
-0.10087115825759696,0.010231697319464828
0.25503328862857444,0.0017175431365356042
0.6655877112044237,0.0038117154920138674
-0.30738182843916206,-0.008955671621301176
-0.33143739388084015,-0.03125868042294366
0.5452120166024557,-0.0002734338394240199
0.11987311897512853,-0.0026253178517348097
-0.16662532097081595,-0.03196519161931888
0.19579979300920058,0.0068496585379718145
-0.651675685863502,-0.02011481529479131
0.6611460402480347,-0.012460448217832543
0.32531626007935444,0.011699185195940043
0.596754029471434,0.016657672936484902
-0.30867641248270417,-0.02256919175765104
-0.30966690131997154,0.013721627365162359
-0.24957952504385617,-0.007295336963973109
-0.33176772335199445,-0.005942129272385133
0.738840806509458,0.004612496086673468
0.6229288177821743,0.017250704966069064
-0.4069520799132249,-0.007553336335115901
-0.4317449318251718,-0.021432917482196445
1.0426685777845464,0.01766699801111893
0.3284367321844073,0.007123078391735538
0.4685904507864933,-0.006513989532233366
-0.10200806261794781,-0.008398246809648291
0.8272293513298976,-0.012451976158211808
-0.7223651868352192,-0.019200280055686303
-0.4147476988209178,-0.012859318506209805
-0.3967821066649364,-0.01909266027199885
0.38615800766761055,-0.01360271629667198
0.23561302389936145,-0.007505667675076544
0.7643475350541138,0.014481498012804073
0.741777848456806,0.007962729175321037
-0.07948095311460435,-0.010349166428989198
0.3377861410630061,0.006015200301812795
0.09298934164431927,-0.0022628845602656877
0.8634330280535778,0.004267242011285477
0.025114722428291714,-0.010943970425786764
0.7416794596775844,0.0011906063774725917
0.49788028129363227,0.02687040775392513
-0.26338794082799666,-0.014075335735438843
-0.5224807114112906,-0.02337073875397
-0.15096485134152005,-0.02484855181029566
-0.3117907086654341,-0.009541750088224665
-0.18522755434479166,-0.006158012502242127
0.6424640907119539,0.016711520612033848
0.8799594319343385,0.02034101480995798
-0.025382709900611644,0.006206122038003192
0.17111286563316241,0.00640914864856712
0.7302685470269097,0.021718472469842154
-0.18931710797521362,0.003024391588832276
-0.1796093809596968,0.00934463623326609
0.22294168128644998,-0.015467602563014382
-0.5632661907577798,-0.02196362165426058
0.16249888919664812,-0.0003283845285025899
0.2664475407821243,-0.0038055043542986056
0.6539972398224165,-0.017489666024628314
-0.12395771648341025,-0.010298906076068981
0.8654522628263948,0.03638190274221975
0.16874009938349133,-0.013302094826152522
-0.414996509034232,0.008488769011104402
0.628414422653826,0.014545105689874549
0.8030439016026492,0.030199429958085777
0.641045300276474,0.03462051146866896
0.14970967973054172,-0.0007298465935858811
-0.48805027303236415,-0.01626686130813415
-0.6384357189607783,-0.0003208411409089118
0.31093617532141593,0.003672071140395583
0.8893708231553958,0.009602558097196123
-0.7200308448212382,-0.03844747966267559
-0.37352707874163116,0.00045509886154060375
-0.23222719017871185,-0.003098771479512874
0.9179562755103348,-0.024474480237057006
-0.10046163400779307,-0.0034254603821197716
0.31672439686631293,-0.0030427498602992875
-0.5761772121562316,-0.003964214578045522
0.2844261134381867,0.007427287177314779
0.7438576668883528,0.007287366318826316
0.36885768162692045,0.003431388323368756
0.041381348901850856,0.009177751553792524
0.015228606095099906,-0.008829231184969477
0.592418915807599,0.016956164604012613
0.5070761139937972,-0.015104295915084665
0.13627672116054868,-0.008247147660018883
0.30921417930264283,-0.026787332443091283
-0.03222443758460258,-0.013132876821384531
-0.10426754585013498,-0.009703515226084924
0.9226403317954066,0.014414496434230095
-0.33138714102869926,-0.01843303342492353
0.1239551140594699,-0.01493455129886856
-0.4119240862557447,-0.009357501014005787
-0.17503106483837172,-0.04614299236313668
-0.5155330408494407,-0.006651233305193349
0.13343149861437809,0.007806835627850783
-0.42346559065403255,-0.016053672054363588
0.6873646684853583,0.026775423915566754
0.7843881705202094,0.0063838794872134175
-0.6053217843296324,-0.022766122271708156
0.08600972819058228,-0.00738492067496721
0.1502902410454965,0.014857214641613492
0.21846630749077178,0.01135673857869468
0.21636615870944098,-0.0027751937449750352
-0.5313439055630482,-0.011829283790844358
0.006879098413008933,-0.008298894000322798
-0.1144670454525567,-0.005704889931674506
0.021975778770595866,-0.015581027917556556
-0.04527403631333016,-0.008401021234009876
0.7022932901950938,0.025271511965760274
1.1360244820486614,0.01887028819148384
0.368417107600834,0.016348113988828628
0.2621719259353341,0.007879867248911765
-0.1415792684273498,-0.005439638671175806
0.7278964927044242,0.01592479989997242
-0.39678951832758713,-0.006935453184528484
-0.37175353347433315,-0.009115254481951052
-0.2765684222943037,2.6135746718614072e-05
-0.9071800217153481,-0.03623709976015799
-0.1428683499699801,-0.0036799594077825404
-0.20718501518121002,-0.006069975383326098
-0.513571980343599,-0.011697198442115697
0.5560575297637769,-0.0074979911364393415
-0.015656161878318642,-0.026270239276447227
0.30561126472365885,-0.012046471589871266
0.46299411729840756,-0.010349916988066421
-0.1217930534293643,-0.013397546215002998
0.30381050584346525,0.006936740779644235
0.003212536534512367,0.009844032829588456
-0.41817530096931677,-0.018274075627975783
0.1280576659369217,0.010600894449589005
0.6418393171791408,0.019406716427601278
-0.3368855449104089,-0.005329523056308738
-0.17061535613456158,-0.00783206727980379
0.22990509110678659,-0.009005347585481327
0.04464723853244834,0.004401053069095995
0.8550703647855258,-0.005823992080647322
0.6975307041506511,0.023360566854102927
0.358750801425721,0.00017694953724733953
-0.17514329899150738,0.004077422853199453
0.2474863837585488,-0.0032826409979854754
1.0820495349556936,0.0030023910615354366
0.8193056241892336,0.021729675524565284
0.09960063806210684,0.00852956398890159
0.42315310317723487,0.026789637876140082
0.5266915347850798,-0.007133801135646545
0.24392693091044038,-0.0018157635830142738
0.9808100296767037,0.006414859503415582
-0.1067011912381659,-0.03922810005262678
0.6960933952300721,0.013940146093334271
-0.050597565179934634,0.0037251127534886352
0.26343490601261976,-0.018212353669092685
0.03520418217745913,-0.008013370865795899
0.5548358974187906,0.006672964307311013
0.4463070942721785,-0.00014517408560699163
0.027494794737378925,-0.0038672958013833414
0.27696060541911294,-0.006748209841179742
-0.4950536919217754,-0.016060710775201548
0.2285469875587509,0.005083985262238522
0.6015126335178422,0.017000068289186876
0.11053695450685552,0.006957385723808773
-0.040390272717409914,0.0014962011030580369
0.6989282056927735,0.01962714520809561
-0.02340349617233528,-0.010677348522802887
0.5939154256685342,-0.0020496635320131906
0.08294876964522757,0.0019092735682656459
0.19549781232834818,0.016185003422150568
0.9750199963667399,0.03695055552731186
0.11520272612975901,0.007968662169751117
0.5586042753608638,0.013461112162398647
-0.32768347170035383,-0.00029697292500729944
0.5598975104832533,0.014954245909043706
-0.15220969761574565,-0.016855262826270923
-0.1496083543816198,-0.009413013037467666
0.5003251858351732,-0.003155930711922772
0.6784229052800086,-0.018929733786177017
0.08053849552417347,-0.02350594372729009
-0.019537582893370598,-0.00037212294392485745
-0.01164300701353227,-0.003919110864741837
0.12927973163569817,-0.00861058917857871
-0.1431975681803408,-0.007895811166023559
0.22264017702323002,0.010262951803352793
0.7072198301082082,0.008221030644228966
-0.2760665195490333,-0.006338876073281763
-0.47552300922856006,-0.023223347245108217
0.0058868956581150655,-0.001327952305500757
0.09764993951569068,-0.017799409098115948
1.1841657635766865,0.028142844223562724
-0.5555175241994235,-0.0065276059048818835
-0.02702720900808231,0.035358535209575215
0.0008154038284260423,-0.02696215745336794
-0.06980685303675926,-0.018481862081641376
0.72633810496054,0.002868633501717399
0.8634010073819596,-0.008675274955430634
0.7868211305790851,-0.0010304160836523968
0.1348028859960806,0.003015632146781577
0.3650422575952845,-0.004890554391026369
0.6107123807694848,0.0033502653031900476
-0.40260615729581417,-0.021094659550436212
-0.6931815490935946,-0.0238066169234481
-0.056513140194759615,-0.021454543388554348
0.8947941248188869,0.003665243114613692
0.2852723982014922,0.006919140493139797
0.1841670512184308,-0.009722657226920561
-0.4364242999949042,-0.014491439312673604
0.324959046843432,-0.004038841293703133
1.163974982061461,0.005746685369502402
-0.18115988035560093,-0.01972314109826301
0.6442262052213366,-0.022899912726616067
0.5503541755886232,-0.011277199542441885
0.34510482928131836,0.0021863202559988526
-0.043989176048597756,-0.011478077038506118
0.651000164000294,0.005398374556089713
0.2901805967196509,0.00017260174910405102
0.14451453713235907,-0.008485528616416604
-0.09633001409918762,-0.007410648216163662
0.9043854158982825,0.027650396220708418
0.554377695281211,0.011670086170211258
-0.458996963110998,-0.008718286289156385
-0.03855734520922738,0.0023996539119831573
0.13182919149643624,-0.018789215020090677
0.07615589546767154,0.0007566259384726992
-0.0727597229985335,-0.004962852194384859
-0.44975477465499125,-0.013465131783096274
-0.5554469308743535,0.006248964953843084
0.9735696575550747,0.005616935951556545
0.07795069607993099,-0.004744073866254417
0.7794088904267298,0.010038573727202182
-0.1743691417752231,-0.020362597595107168
0.43542334440621744,0.004024082417965702
-0.24771009077586825,-0.012229253555418818
0.474672291555585,-0.002236060385631955
0.2527741936337762,-0.020579093992624586
-0.8373858559427276,-0.02720665124920263
0.3502046052601884,0.004315986526270965
-0.026986352798687108,-0.010934696866020555
-0.08413439937301348,0.007864218680950441
0.3818045587992458,-0.025040340227685864
0.8489024379572712,0.016353176741312425
0.1100354076410639,0.0066340986011007574
0.17043238300780672,-0.010029900010935733
-0.04000084830128969,0.011714881354761397
-0.3549272809165771,0.004715638989363891
0.598380140205947,0.006508645944301894
-0.3305523672512436,-0.004539982301055345
-0.28275814654843856,-0.002002870519632549
0.5218104113545863,-0.028645251634131674
0.2994950474099767,0.029593942064786605
-0.7122007777066344,-0.007184785001482452
1.3211048929523415,0.029390053683974626
-0.05245924168322347,0.03044836694700004
-0.22647523296907224,-0.006004677956429005
0.6428332803542389,-0.005411863779682502
-0.38461930103678554,-0.024727081479098523
-0.35938744098560704,-0.00718787465901316
0.004300626687474107,-0.013354602028722296
0.5755906380301354,-0.0009419102156602577
0.753183199543976,-0.010987719051955391
0.08621327380133437,-0.01162245452924937
-0.023797155799059055,0.01161501617153149
0.23631253688169807,-0.007591065262851027
-0.01086166782397413,-0.03092490499593248
-0.05492569890973442,-0.015996462890909613
-0.4229148388971353,-0.011302664501762982
-0.057907222082342,-0.011528492073089147
0.35803240536561987,0.028642206585224428
0.1680313079525817,-0.0012560368478298223
-0.3844684410053816,-0.008498370201866612
0.1881902761695855,0.0025982039047796057
-0.18986842508137158,0.01262545461545761
0.9928371612529148,0.01862769721324531
-0.48106342273830904,-0.04111805713570271
1.426065549890275,0.031125539502375954
-0.30833723334536245,-0.006973198895123822
0.19307760607548374,0.006020131265683459
1.5175031372487098,-0.005075581353288228
0.6849502142962649,-0.006417684320908057
-0.3052946269097845,-0.020264424070329468
0.9214585077527815,0.02131686333702021
1.0179561554570142,0.008441261329864225
-0.7008574358206516,-0.019218794618415025
0.5088316436168938,-0.009866966547645961
-0.2929313221491441,-0.024310328004802817
0.09670740219414853,0.008850532834753011
0.1163145500914311,-0.004199523635426861
0.2863451274643083,0.003543036512837161
0.14339706647557193,-0.004067846738659342
-0.03375792207589967,0.0010794123429714864
-0.3780842328228431,-0.0137488650832166
-0.31172885100248493,-0.019666454050092486
-0.21144524640064333,-0.00947401850356644
0.2733752405911787,-0.0003663451459382516
0.6673306780295505,-0.004884556288304198
-0.18790958938936342,-0.014324245129799351
0.253588223892919,-0.01369236032911425
-0.06308801167045175,0.004733063569845708
-0.07097309105842697,0.007496225081813357
0.0024289309797254077,-0.006220756939124383
-0.1316331882212296,-0.009347765099037675
0.10757558480661089,0.002500175410292904
-0.2377829867333574,-0.019410025378740925
-0.24401460296913058,-0.046833652470833376
0.17858294890537252,-0.0030221643161636447
-0.23177555880067047,-0.009581663212482217
-0.7135617929297879,-0.028765326242384037
0.4832712612906249,-0.01733529053878824
0.5850812154279481,0.006268976482976751
0.16690390694174084,-0.009355050460853387
-0.5279444377915468,-0.03485188900446423
-0.2105206965504749,-0.03306515619296824
0.782092101983558,0.006754082220316482
-0.5317912924024242,-0.007293821382103327
0.23806156321249716,0.0002536137049622411
-0.027740452227781986,-0.0006376194643269439
1.3159371419355637,-0.0006221753606956426
-0.39431909995760606,-0.023582577132722826
0.3292310680514632,-0.007602350147263959
0.6077311814717063,0.019250548473497053
0.6668304710554338,0.0013114007222826407
0.10111984923067041,0.006550427549965709
0.3288114019106487,-0.00597577362472701
0.5160435209244056,-0.018972329710728708
0.7380294363706241,0.01916495263884177
-0.21032058915051266,-0.029723832369202396
0.5164610881227247,0.012906661428228161
-0.4573704245619652,0.005265769973737844
-0.48926648296784947,-0.01627987915069351
-0.18380681186722114,-0.002370245547616334
0.45864753251179025,0.007707977331947724
0.12924644908920868,-0.012865780294735174
-0.27436374030417454,-0.01803913196023421
-0.35197564401555326,-0.01711577402185427
0.3229796218220713,-0.0129493469523273
-0.7341950773887831,-0.024602851410484572
0.008491534147673008,-0.012449653101065716
-0.459401345737092,-0.020029146551331367
0.15679535640043696,-0.02884995425522663
0.011055740372562184,-0.003624107636122975
-0.8134576727490526,0.004912580871497041
0.2755602385892644,0.016254989348782667
1.0835152784897417,-0.004019371684563011
0.44744534226734345,-0.013781744900300152
-0.06064906371997836,-0.00972883404072844
0.36423365253133966,0.006061361467420423
1.5048723918339846,0.02274892948288454
-0.287029388479624,-0.002213222518704705
-0.5061108546900144,-0.01669567894729096
0.6438264534389972,0.011173043079494516
0.1785765789474567,-0.004029407595723455
0.0791671054666594,-0.009677454559288257
-0.04542207986056468,-0.0005927486898085199
-0.9001992329337654,-0.025552641394636644
0.5183573962919041,-0.011216381687902954
0.04753606891407003,-0.0030917038457319856
0.010674978184788131,0.01541673863727211
1.0281390578280352,0.01571425066846277
0.10427701238744902,-0.0015211283042896317
0.2726679994764325,0.027771337152170728
-0.27454343275283577,0.0031939715816540204
-0.411573832023457,0.0009646035396358998
0.022707003667647996,0.018811070812490116
-0.11892137467425812,0.01257153509978104
0.2796357320544445,-0.0015780245140787352
1.6584385414101206,0.008857648668627816
0.39107477182387385,0.0266862225772847
-0.2558066577211733,-0.025866428383463647
-0.023204673186327796,0.00644443688932872
0.426405571468635,0.009338275364260129
0.5237982323423083,0.022979537284265272
-0.1406693395375811,-0.017935779248453354
-0.17589575389287404,-0.014442584213817833
0.2541321505550158,-0.0013923405153215551
0.013654700596497094,0.0019168088191887644
-0.2797538812224829,-0.01091228317385684
0.8147763405268549,0.00804641143667606
1.187720736212981,0.0043970461692228735
-0.06490614663905347,-0.004903948398087277
0.0039786067641216505,-0.005824480598418558
0.4908176830970348,-0.014255692665352204
0.4964349626025566,-0.0005075034855250848
-0.17427139642691714,-0.007517408824286198
0.12286208203027371,0.004309477439130904
0.004593642049620428,0.0034099227876188687
0.10073100731181484,-0.014309417411376812
0.28806548949559385,-0.004142876950561369
0.3783883810890387,0.021821180887295233
0.4303851595393695,-0.003382875495037352
-0.13729394548587237,-0.00841412693302579
-0.1657246342490879,-0.008838771764683173
-0.7670663960871167,-0.03311862395467946
-0.13624830736238636,-0.010393609148846017
0.23893217721128934,0.002734494769061846
0.3501430031367505,0.0031193626947777497
0.4632484196600757,-0.000976623668156984
-0.11412836652984026,-0.024478169363416402
0.27283561128552947,0.008741371401985831
0.965264671511612,0.014071262200950452
-0.18096983395193433,-0.005502791175741817
0.3182173618558082,0.029177900477262875
0.15209174990756225,-0.009710316875143898
0.4905953141891004,0.019128670564179107
-0.2926872435383743,-0.004264632404116231
0.1498407585325836,-0.021521571058940925
-0.42695586889205117,-0.017446177527599138
0.6549879092659694,0.008884864716889096
0.2954878127635183,-0.005752978806817577
0.33916125035720057,-0.03525242843290799
-0.22556208998339145,-0.040435946588963434
0.09093905113692102,-0.013477589108812138
0.6611580516442928,0.016940821027313868
0.007447107538681053,-0.007375010087762535
0.9680320159456173,0.005650763150953253
0.2956825009063593,0.004457698557544187
0.28603449657363456,-0.021493855466819145
0.676041528642557,0.008514808953827502
0.22615133408597643,-0.00935415129452255
0.5690781671648111,0.022725139242710135
0.21596309405286718,-0.010287476026118014
-0.214742729527579,0.0022757063316773962
-0.3678757479571715,-0.018019964158742185
0.35661784560064547,0.005190280882771514
0.5453204721854661,0.004997680323998277
0.2329781737783847,-0.010448292018649608
-0.499063079324614,-0.017791124169246553
-0.1787400733579858,-0.013427993151066353
0.49417632750377294,0.015553692349237869
0.6346037396864546,-0.007153541037184574
-0.325628848579008,-0.019828081251549223
0.42606812995327914,-0.006166955049268674
-0.2616699448419766,-0.028804064507803817
0.5080797183308192,-0.013946387521656112
0.561193490295004,-0.007775004351933568
-0.1643518003369664,-0.005179191387163273
0.1988789959660977,-0.0059837582509340015
0.21752821254294474,-0.003714655423753821
0.4414487323032361,0.017510028610156048
-0.19111390188371047,-0.0040434163140019574
0.5263045895659317,0.016983812334550596
-0.7791016261420367,-0.00435825126045053
0.07495522286826883,-0.009026331716185387
-0.028386772773188795,-0.006248233288252858
0.018053977902553697,-0.0024259093906229268
-0.5598754488462561,-0.004142566114108459
0.5142967630996438,0.011498607469089928
-0.09755850482302719,-0.009886520111821118
1.0629402994960628,0.011510168741105109
-0.20555503136643694,-0.004567921460805202
0.5902277747325115,0.022409886171444127
0.9165179002910264,0.021317430630886203
0.6512118751854743,-0.005872177098378173
-0.5575985432216441,-0.039808459545865094
0.24273271152369347,0.0069684979411540615
0.38838281742020087,0.01356167658884222
0.6080242959695781,-0.006794093594595485
-0.2546692889980875,0.0010758134664248242
-0.3594998377048597,-0.01801092197227372
0.23504960485716708,-0.005819758535193231
-0.6141856348995418,-0.014746382408657888
-0.23852086128687944,-0.007441573181978689
0.9791665318304794,-0.024445095276669937
0.15818042909686625,0.005314859198438104
0.06993280344038055,-0.01706720669707862
-0.22677325950198224,-0.0016503887229255554
0.871618689432978,0.00916713854598128
0.11528790739861705,-0.007545550817205426
-0.04039283684866746,-0.03320151149707862
0.5838738027553134,0.0033695542138908463
0.2803160026996778,-0.01924148817369309
-0.3601032733046239,-0.00025158196690266976
-0.13475623609404863,-0.008903938609919781
1.3371005877652777,0.028795306860276648
-0.13288100049382479,-0.0030920396993355803
0.429734674991586,0.0025446595536112726
-0.13852120480726882,-0.01880446631226418
0.49295066702842405,-0.0009449519780002635
0.040992842499740334,-0.015128103439258855
0.6168015205971287,0.01029979576918616
0.09382931248340043,0.01000010476844193
-0.47996205621991095,-0.01572636324136001
0.14764102393742462,0.015160617153205047
-0.12451712840697837,-0.003615326702599564
-0.1334310704538595,-0.0104914724944275
0.17869652297090965,-0.0010732094381323831
-0.12576387709005132,-0.002355369314312905
0.8321264200701393,0.01861410858569701
-0.13445454706453575,-0.016219983066995125
-0.246982306172697,-0.015347920403290138
0.33869365119065264,0.010411209006766065
0.1297896936777292,-0.009258226060422592
0.3701410127218807,0.02609669511679058
-0.004154956223011652,-0.00370313908769504
-0.27686034831204154,0.016368453759525448
0.5202131712302318,-0.010140923370781985
-0.4364874136697736,-0.025252277113330113
-0.3801763517734855,-0.011689058464184221
0.7892258568910862,0.019207676857820655
-0.5666717264913501,-0.016939315636284702
1.3927624211675038,0.03201097482709636
0.6945891418990229,0.007033090892106686
0.08146730724063644,-0.013951149192740986
0.6230701735901434,0.0035691940781689135
-0.05603775166053282,-0.025572977871505587
0.039427343263078285,-0.0025143057643391975
0.11325347018249232,-0.001583852205220504
0.12567716149148822,-0.0019906454754025082
0.1900278984006718,-0.012134090758368465
0.700473573771049,0.02850353608928735
-0.3556758875483723,0.0029784470896226933
0.25685024740319307,0.014447112422618535
1.9589358692524925,0.034855195960427854
1.4155324338356507,0.049225922395604194
-0.5297360213391826,-0.01931936851121585
0.08167099605285699,-0.016517216806116952
-0.3603369982118565,-0.017015643099529743
0.4304264211624087,0.02475885464298544
0.5848382810903274,-0.0013291321379724774
-0.054982334101360664,0.024242988107472718
-0.2691284454579588,0.013264828365805559
-0.41010922646303527,-0.024759697173689754
1.0851028309524438,0.017895368945572976
0.34727356611384863,-0.01152933788284749
0.41843024719430133,-0.0019439603432023222
-0.47184446362127375,-0.025725398443153913
-0.5055065304600816,-0.023398489622980967
0.6476918074538318,0.014867544077900141
0.1010830865214345,-0.0005145284716699949
-0.273985656155709,-0.01674941036212585
0.4950162790690271,-0.003636240007599434
0.10233206298120479,0.0023580632718872563
0.7728328521467489,0.022916244701635113
0.07027605047031926,0.0119923981811485
0.06273259370308182,-0.027137032047380938
0.3266794542971212,0.009846969756900359
0.29920298737378914,-0.003435927208233047
-0.10225915844232247,0.007033049297133442
0.12738423168262614,-0.009096430352052653
-0.03902325460717293,-0.0046475094145376206
0.05494192576458801,-0.023015068728807764
0.8531540804730824,0.013762483811967097
0.5731404505581139,0.006544407029644095
-0.5979496191409766,-0.016997452959254478
-0.4435555581485957,-0.01656462559362415
1.5360021200536238,0.024463174801680365
0.24100974171391698,-0.006746469120279985
0.16979461634301884,0.0005374017057918623
-0.0529623043694869,0.011957718770566395
0.6078191916888755,-0.007086740995401297
-0.4943583554923734,-0.0023159437030523256
0.3812325032795272,0.011440812651268506
0.5613987079420966,0.0063499974104576085
-0.2638980205969972,-0.021155973406151385
0.7404099418763579,-0.004044941766468524
-0.14599285570712794,0.0012378779042647725
0.6830373100030229,0.017137170280028036
-0.36003593514541166,-0.015671324541783882
0.2879732139761799,-0.013771514447800892
-0.2572957999204917,-0.0037858890052512306
0.3394324547009191,-0.03341730164081724
0.10168822341969985,-0.0010702745820234671
0.15208417672172914,-0.010110939965770172
-0.21426130459956028,0.006932298580375806
-0.2547575768128496,-0.029883851541249618
-0.21262673762072382,-0.019145670198391418
0.0887234658774787,0.006036587180496933
-0.14779717757797073,0.004008983658339571
0.4238163502881278,-0.002189151000290157
-0.3193647521017553,-0.021755232766223043
0.49177036568512733,-0.007591113243130776
-0.32258422645188034,-0.004757982523047488
-0.1781440013842186,-0.016011694761305484
-0.576465301946449,-0.01261349239569065
-0.29271664600045,-0.029735770745303647
-0.3082646332344936,-0.036505254392769304
0.4854517743493787,0.004768376942443142
0.49522691494863835,0.021869717223868212
0.18495195732033665,-0.0009954432199933416
0.4932494771891669,0.0006919281950971135
0.8675352066417048,0.0014329481204411465
0.410931052808138,0.030003643432739424
-0.4135070505514449,-0.00843732603624392
0.5646543115035669,0.013096287905129067
0.03389126987487856,0.002435406000095619
0.4320645873541977,-0.00039521306048739824
0.6440757278919378,0.0021211123564665035
0.40991530427726985,0.0067767136388414695
0.497398835009804,0.01078594708113434
0.041825185151779465,-0.00965487079648153
0.2661582671393248,0.004545108974767564
-0.15303045588837705,-0.008100863892412602
-0.2538781571433617,-0.00805706337186618
0.3187600566590234,0.01922566523746916
0.3398263675079676,-0.018015907402637588
0.49466393155115895,0.006002345141578935
0.31971860896756255,0.004267603206528192
-0.11376693991382325,-0.023623499441163376
-0.0519261609425925,-0.0036892587843245783
-0.8200927893652334,-0.020504033095356644
0.6303263727509716,-0.004309553210226524
0.2187217624650657,-0.0017322873034271158
1.0588471805317283,0.029836448003112026
0.3859647562684927,-0.00011010288061441553
0.8620668530946958,0.005191636496404861
-0.10974447875911153,0.017441002212628787
0.08034857686865138,0.005538931484410203
-0.2635452788118826,-0.008250003991381427
-0.11008850836054762,-0.007853841825734564
-0.2710633391414916,0.02082215879727678
0.0698564283862737,0.02555139960692343
-0.19622300432249062,-0.01935512888259905
0.12335168277312647,-0.006300214793864223
-0.35978473524058785,-0.03902091066201274
0.5290731480807978,0.01624396300264186
0.08477627532091958,0.0003109461758018517
-0.3601767065164907,-0.03371164479360156
-0.04001028144067931,-0.0016179624494503386
0.618201343398006,-0.006604579914269881
1.626545635417493,0.018263917857527123
1.567840992398473,0.029942111397492144
0.19258023527630996,-0.009835924702373378
0.18236778587814229,-0.018829955927011977
-0.5325891045851847,-0.024585744891844064
-0.05235557379590006,-0.0032997548566522372
-0.20403788740283346,-0.026432464876361972
0.8737418499104948,0.00940631751109633
0.9077027849006427,0.005963210816707032
-0.551158083507012,-0.01978268011005846
0.21286988415278785,-0.02292233939079158
0.24861394005419868,-0.011530109140366895
1.1076936486477535,-0.0006771461788320776
0.16874783135034477,-0.0005493402278526904
0.3648465206329732,0.0010212559588850256
-0.018013189773931515,-0.014207005959922636
0.465387609043205,0.0067555116134431215
-0.06712903358056366,-0.007109762087804228
0.8196797149085526,-0.01245323290838618
-0.209167626428993,0.0009097514157964115
0.24584432197924855,0.013848398506440818
0.16655278991477473,0.012916431284658247
-0.39797017822088065,-0.02916116013901049
0.40477746611663434,0.0032160931806248794
0.4245314848815056,0.005048260846491348
0.02259263933991207,0.009793325193616864
0.7417965865216871,0.010260291281128264
0.08339012072701735,0.006677387348341224
0.27792392828614965,-0.009108337954781498
0.4107401855220729,-0.027782128060699796
0.45547193593156976,-0.002328836229064213
0.07483558286192249,-0.012733018225068005
0.36549457915474903,-0.007532508980146124
